request_id,amount_safe_to_pay,affordability_status,recommended_payment_method,payment_plan,earliest_date_for_full_payment,spending_changes_needed,decision_explanation
request_26,15656000,affordable_now,full_payment,2025-08-03:15656000,2025-08-03,none,"Pay IDR 15,656,000 today. This leaves at least IDR 24,768,300 available over the next 90 days."
request_27,6670,affordable_now,full_payment,2026-07-05:6670,2026-07-05,none,"Pay ZAR 6,670 today. This leaves at least ZAR 20,500 available over the next 90 days."
request_28,213.54,not_affordable,not_recommended,none,2024-08-20,none,"Do not make this payment by 15 August 2024. None of the available options keeps the EUR 1,100 minimum protected."
request_29,51524,affordable_now,full_payment,2025-11-04:51524,2025-11-04,none,"Pay ZAR 51,524 today. This leaves at least ZAR 28,300 available over the next 90 days."
request_30,775.2,affordable_with_plan,installments,2026-04-06:268.74|2026-05-06:268.74|2026-06-05:268.74,2026-04-06,none,"Use 3 installments of USD 268.74, starting 6 April 2026. This leaves at least USD 900 available."
request_31,2548971.37,affordable_later,wait,2024-11-15:18164000,2024-11-15,none,"Pay IDR 18,164,000 in full on 15 November 2024. Paying earlier would take the balance below the IDR 16,588,900 minimum."
request_32,16327.54,affordable_later,wait,2025-04-15:40018,2025-04-15,none,"Pay ZAR 40,018 in full on 15 April 2025. Paying earlier would take the balance below the ZAR 35,700 minimum."
request_33,41423.76,affordable_later,wait,2026-02-15:118000,2026-02-15,none,"Pay INR 118,000 in full on 15 February 2026. Paying earlier would take the balance below the INR 102,100 minimum."
request_34,129400,affordable_now,full_payment,2024-12-04:129400,2024-12-04,none,"Pay INR 129,400 today. This leaves at least INR 138,500 available over the next 90 days."
request_35,35676.4,affordable_later,wait,2026-01-15:212000,2026-01-15,none,"Pay INR 212,000 in full on 15 January 2026. Paying earlier would take the balance below the INR 106,400 minimum."
request_36,902.8,affordable_later,wait,2026-08-15:3954,2026-08-15,none,"Pay USD 3,954 in full on 15 August 2026. Paying earlier would take the balance below the USD 2,400 minimum."
request_37,3491735.91,not_affordable,not_recommended,none,2024-05-20,none,"Do not make this payment by 15 May 2024. None of the available options keeps the IDR 17,056,200 minimum protected."
request_38,147.27,affordable_later,wait,2025-10-15:971.3,2025-10-15,none,Pay EUR 971.3 in full on 15 October 2025. Paying earlier would take the balance below the EUR 400 minimum.
request_39,0,not_affordable,not_recommended,none,,none,"Do not proceed with the INR 208,600 request. Although INR 0 is available today, the full amount cannot be completed safely within 90 days."
request_40,445.42,affordable_later,wait,2024-08-15:1290.3,2024-08-15,none,"Pay EUR 1,290.3 in full on 15 August 2024. Paying earlier would take the balance below the EUR 1,500 minimum."
request_41,453215.37,not_affordable,not_recommended,none,,none,"Do not proceed with the IDR 38,760,000 request. Although IDR 453,215.37 is available today, the full amount cannot be completed safely within 90 days."
request_42,52100,affordable_now,full_payment,2026-01-05:52100,2026-01-05,none,"Pay INR 52,100 today. This leaves at least INR 113,100 available over the next 90 days."
request_43,7511847.4,affordable_later,wait,2024-11-15:43339000,2024-11-15,none,"Pay IDR 43,339,000 in full on 15 November 2024. Paying earlier would take the balance below the IDR 21,398,000 minimum."
request_44,34860.42,affordable_later,wait,2025-04-15:95800,2025-04-15,none,"Pay INR 95,800 in full on 15 April 2025. Paying earlier would take the balance below the INR 82,900 minimum."
request_45,5072824.97,affordable_later,wait,2026-08-15:21983000,2026-08-15,none,"Pay IDR 21,983,000 in full on 15 August 2026. Paying earlier would take the balance below the IDR 11,149,800 minimum."
request_46,41380.43,affordable_with_plan,partial_payment,2024-12-03:41380.43|2024-12-15:8069.57,2024-12-15,none,"Pay INR 41,380.43 today and the remaining INR 8,069.57 on 15 December 2024. This completes the full request and keeps the INR 84,000 minimum protected."
request_47,23313586.51,not_affordable,not_recommended,none,,none,"Do not proceed with the IDR 38,114,000 request. Although IDR 23,313,586.51 is available today, the full amount cannot be completed safely within 90 days."
request_48,0,not_affordable,not_recommended,none,,none,"Do not proceed with the INR 45,700 request. Although INR 0 is available today, the full amount cannot be completed safely within 90 days."
request_49,13157021.03,affordable_with_plan,installments,2024-03-18:11902106.67|2024-04-18:11902106.67|2024-05-19:11902106.67,2024-05-15,none,"Use 3 installments of IDR 11,902,106.67, starting 18 March 2024. This leaves at least IDR 20,275,700 available."
request_50,43900,affordable_now,full_payment,2025-08-06:43900,2025-08-06,none,"Pay INR 43,900 today. This leaves at least INR 99,700 available over the next 90 days."
request_51,2191000,affordable_now,full_payment,2026-01-03:2191000,2026-01-03,none,"Pay IDR 2,191,000 today. This leaves at least IDR 7,811,000 available over the next 90 days."
request_52,14849.12,affordable_later,wait,2024-06-15:28870,2024-06-15,none,"Pay INR 28,870 in full on 15 June 2024. Paying earlier would take the balance below the INR 41,500 minimum."
request_53,576.58,affordable_with_plan,installments,2025-11-21:589.06|2025-12-19:589.06|2026-01-16:589.06,2025-12-15,none,"Use 3 installments of USD 589.06, starting 21 November 2025. This leaves at least USD 2,100 available."
request_54,6302.7,not_affordable,not_recommended,none,,none,"Do not proceed with the ZAR 121,528 request. Although ZAR 6,302.7 is available today, the full amount cannot be completed safely within 90 days."
request_55,115760.04,not_affordable,not_recommended,none,2026-08-15,none,"Do not make this payment by 22 August 2026. None of the available options keeps the INR 124,300 minimum protected."
request_56,400.14,affordable_with_plan,partial_payment,2025-02-03:400.14|2025-02-15:481.42,2025-02-15,none,"Pay USD 400.14 today and the remaining USD 481.42 on 15 February 2025. This completes the full request and keeps the USD 2,100 minimum protected."
request_57,12265.94,affordable_later,wait,2026-06-15:61446,2026-06-15,none,"Pay ZAR 61,446 in full on 15 June 2026. Paying earlier would take the balance below the ZAR 42,700 minimum."
request_58,16226000,affordable_now,full_payment,2024-12-07:16226000,2024-12-07,none,"Pay IDR 16,226,000 today. This leaves at least IDR 14,433,900 available over the next 90 days."
request_59,140600,affordable_with_plan,installments,2025-05-07:48741.33|2025-06-04:48741.33|2025-07-02:48741.33,2025-05-04,none,"Use 3 installments of INR 48,741.33, starting 7 May 2025. This leaves at least INR 132,600 available."
request_60,168.24,affordable_later,wait,2026-01-15:199.89,2026-01-15,none,Pay USD 199.89 in full on 15 January 2026. Paying earlier would take the balance below the USD 400 minimum.
request_61,29062,affordable_with_plan,installments,2024-03-17:10074.83|2024-04-17:10074.83|2024-05-18:10074.83,2024-03-03,none,"Use 3 installments of ZAR 10,074.83, starting 17 March 2024. This leaves at least ZAR 36,700 available."
request_62,404.23,affordable_now,full_payment,2025-08-05:404.23,2025-08-05,none,"Pay USD 404.23 today. This leaves at least USD 1,300 available over the next 90 days."
request_63,0,not_affordable,not_recommended,none,,none,"Do not proceed with the INR 343,900 request. Although INR 0 is available today, the full amount cannot be completed safely within 90 days."
request_64,0,not_affordable,not_recommended,none,,none,"Do not proceed with the INR 63,700 request. Although INR 0 is available today, the full amount cannot be completed safely within 90 days."
request_65,5321.06,not_affordable,not_recommended,none,,none,"Do not proceed with the ZAR 54,340 request. Although ZAR 5,321.06 is available today, the full amount cannot be completed safely within 90 days."
request_66,22200,affordable_now,full_payment,2026-04-03:22200,2026-04-03,none,"Pay INR 22,200 today. This leaves at least INR 80,700 available over the next 90 days."
request_67,324.12,affordable_later,wait,2024-11-15:2094,2024-11-15,none,"Pay USD 2,094 in full on 15 November 2024. Paying earlier would take the balance below the USD 1,200 minimum."
request_68,1336.85,affordable_with_plan,installments,2025-02-14:725.09|2025-03-14:725.09|2025-04-11:725.09,2025-03-23,reduce_to:event_6331:24.8,"Reduce the household shopping to USD 24.8, then Use 3 installments of USD 725.09, starting 14 February 2025. This leaves at least USD 1,500 available."
request_69,529.1,affordable_now,full_payment,2026-01-04:529.1,2026-01-04,none,Pay EUR 529.1 today. This leaves at least EUR 700 available over the next 90 days.
request_70,59952.21,affordable_later,wait,2025-02-15:243900,2025-02-15,none,"Pay INR 243,900 in full on 15 February 2025. Paying earlier would take the balance below the INR 115,000 minimum."
request_71,0,not_affordable,not_recommended,none,,none,"Do not proceed with the IDR 21,451,000 request. Although IDR 0 is available today, the full amount cannot be completed safely within 90 days."
request_72,11330,affordable_now,full_payment,2026-07-05:11330,2026-07-05,none,"Pay ZAR 11,330 today. This leaves at least ZAR 12,200 available over the next 90 days."
request_73,71400,affordable_now,full_payment,2023-01-20:71400,2023-01-20,none,"Pay INR 71,400 today. This leaves at least INR 103,200 available over the next 90 days."
request_74,5010,affordable_now,full_payment,2025-08-04:5010,2025-08-04,none,"Pay ZAR 5,010 today. This leaves at least ZAR 21,900 available over the next 90 days."
request_75,0,not_affordable,not_recommended,none,,none,"Do not proceed with the ZAR 28,270 request. Although ZAR 0 is available today, the full amount cannot be completed safely within 90 days."
request_76,427.02,not_affordable,not_recommended,none,2024-08-24,none,"Do not make this payment by 30 July 2024. None of the available options keeps the USD 1,800 minimum protected."
request_77,60700,affordable_now,full_payment,2025-11-05:60700,2025-11-05,none,"Pay INR 60,700 today. This leaves at least INR 82,200 available over the next 90 days."
request_78,50200,affordable_now,full_payment,2025-10-02:50200,2025-10-02,none,"Pay INR 50,200 today. This leaves at least INR 55,200 available over the next 90 days."
request_79,453.8,not_affordable,not_recommended,none,2024-11-15,none,"Do not make this payment by 1 November 2024. None of the available options keeps the EUR 1,000 minimum protected."
request_80,111081.98,not_affordable,not_recommended,none,2025-04-24,none,"Do not make this payment by 21 February 2025. None of the available options keeps the INR 121,300 minimum protected."
request_81,2076,affordable_now,full_payment,2026-07-03:2076,2026-07-03,none,"Pay USD 2,076 today. This leaves at least USD 1,600 available over the next 90 days."
request_82,269.48,not_affordable,not_recommended,none,2025-02-20,none,"Do not make this payment by 15 February 2025. None of the available options keeps the USD 1,100 minimum protected."
request_83,3882.5,not_affordable,not_recommended,none,,none,"Do not proceed with the INR 156,200 request. Although INR 3,882.5 is available today, the full amount cannot be completed safely within 90 days."
request_84,0,not_affordable,not_recommended,none,,none,"Do not proceed with the INR 95,400 request. Although INR 0 is available today, the full amount cannot be completed safely within 90 days."
request_85,635977.65,not_affordable,not_recommended,none,,none,"Do not proceed with the IDR 19,304,000 request. Although IDR 635,977.65 is available today, the full amount cannot be completed safely within 90 days."
request_86,46300,affordable_now,full_payment,2025-08-03:46300,2025-08-03,none,"Pay INR 46,300 today. This leaves at least INR 84,900 available over the next 90 days."
request_87,34122.75,not_affordable,not_recommended,none,,none,"Do not proceed with the INR 487,900 request. Although INR 34,122.75 is available today, the full amount cannot be completed safely within 90 days."
request_88,7765.78,affordable_with_plan,installments,2024-06-14:9045.23|2024-07-15:9045.23|2024-08-15:9045.23,2024-07-15,reduce_to:event_8301:655.6|reduce_to:event_8297:655.6,"Reduce the lunch with colleagues to ZAR 655.6 and reduce the quick-service meal to ZAR 655.6, then Use 3 installments of ZAR 9,045.23, starting 14 June 2024. This leaves at least ZAR 25,800 available."
request_89,9516523.55,affordable_with_plan,installments,2025-11-18:4768746.67|2025-12-16:4768746.67|2026-01-13:4768746.67,2026-01-15,reduce_to:event_8337:266760|stop:event_8335,"Reduce the monthly shopping spend to IDR 266,760 and stop the video streaming plan, then Use 3 installments of IDR 4,768,746.67, starting 18 November 2025. This leaves at least IDR 12,534,700 available."
request_90,2560,affordable_now,full_payment,2026-07-06:2560,2026-07-06,none,"Pay ZAR 2,560 today. This leaves at least ZAR 7,600 available over the next 90 days."
request_91,320.42,affordable_later,wait,2024-11-15:1927.2,2024-11-15,none,"Pay EUR 1,927.2 in full on 15 November 2024. Paying earlier would take the balance below the EUR 2,100 minimum."
request_92,9777.18,not_affordable,not_recommended,none,,none,"Do not proceed with the ZAR 34,034 request. Although ZAR 9,777.18 is available today, the full amount cannot be completed safely within 90 days."
request_93,1729.2,affordable_now,full_payment,2026-04-07:1729.2,2026-04-07,none,"Pay USD 1,729.2 today. This leaves at least USD 1,900 available over the next 90 days."
request_94,572,affordable_now,full_payment,2024-12-04:572,2024-12-04,none,Pay EUR 572 today. This leaves at least EUR 600 available over the next 90 days.
request_95,2892.59,not_affordable,not_recommended,none,,none,"Do not proceed with the INR 553,000 request. Although INR 2,892.59 is available today, the full amount cannot be completed safely within 90 days."
request_96,75787.77,affordable_with_plan,installments,2026-01-10:31269.33|2026-02-09:31269.33|2026-03-11:31269.33,2026-01-15,none,"Use 3 installments of INR 31,269.33, starting 10 January 2026. This leaves at least INR 56,500 available."
request_97,0,affordable_with_plan,installments,2024-03-19:8145.28|2024-04-19:8145.28|2024-05-20:8145.28,,reduce_to:event_9037:577.5,"Reduce the bakery and snacks to ZAR 577.5, then Use 3 installments of ZAR 8,145.28, starting 19 March 2024. This leaves at least ZAR 29,700 available."
request_98,0,not_affordable,not_recommended,none,,none,"Do not proceed with the ZAR 27,148 request. Although ZAR 0 is available today, the full amount cannot be completed safely within 90 days."
request_99,18062,affordable_now,full_payment,2026-07-04:18062,2026-07-04,none,"Pay ZAR 18,062 today. This leaves at least ZAR 49,100 available over the next 90 days."
request_100,27799.16,affordable_with_plan,installments,2024-06-13:12866.19|2024-07-14:12866.19|2024-08-14:12866.19,2024-07-15,none,"Use 3 installments of ZAR 12,866.19, starting 13 June 2024. This leaves at least ZAR 32,500 available."
request_101,143500,affordable_now,full_payment,2025-11-03:143500,2025-11-03,none,"Pay INR 143,500 today. This leaves at least INR 187,400 available over the next 90 days."
request_102,1716,affordable_with_plan,installments,2026-04-05:594.88|2026-05-05:594.88|2026-06-04:594.88,2026-04-05,none,"Use 3 installments of EUR 594.88, starting 5 April 2026. This leaves at least EUR 900 available."
request_103,3501.2,not_affordable,not_recommended,none,,none,"Do not proceed with the INR 368,300 request. Although INR 3,501.2 is available today, the full amount cannot be completed safely within 90 days."
request_104,0,not_affordable,not_recommended,none,,none,"Do not proceed with the ZAR 17,204 request. Although ZAR 0 is available today, the full amount cannot be completed safely within 90 days."
request_105,51868.83,affordable_with_plan,full_payment,2026-06-08:53500,2026-06-15,reduce_to:event_9721:1720,"Reduce the monthly entertainment spend to INR 1,720, then pay INR 53,500 today. This leaves at least INR 73,900 available."
request_106,371.88,affordable_later,wait,2025-02-15:2207.7,2025-02-15,none,"Pay EUR 2,207.7 in full on 15 February 2025. Paying earlier would take the balance below the EUR 1,200 minimum."
request_107,2534.4,affordable_with_plan,installments,2025-05-08:878.59|2025-06-05:878.59|2025-07-03:878.59,2025-05-05,none,"Use 3 installments of EUR 878.59, starting 8 May 2025. This leaves at least EUR 1,600 available."
request_108,4690.55,not_affordable,not_recommended,none,,none,"Do not proceed with the ZAR 55,308 request. Although ZAR 4,690.55 is available today, the full amount cannot be completed safely within 90 days."
request_109,772.47,affordable_with_plan,installments,2024-03-18:645.98|2024-04-18:645.98|2024-05-19:645.98,2024-04-15,none,"Use 3 installments of EUR 645.98, starting 18 March 2024. This leaves at least EUR 1,700 available."
request_110,22352,affordable_with_plan,installments,2025-08-06:7748.69|2025-09-03:7748.69|2025-10-01:7748.69,2025-08-06,none,"Use 3 installments of ZAR 7,748.69, starting 6 August 2025. This leaves at least ZAR 11,200 available."
request_111,7820294.23,not_affordable,not_recommended,none,,none,"Do not proceed with the IDR 16,625,000 request. Although IDR 7,820,294.23 is available today, the full amount cannot be completed safely within 90 days."
request_112,271.7,affordable_now,full_payment,2024-06-05:271.7,2024-06-05,none,Pay EUR 271.7 today. This leaves at least EUR 500 available over the next 90 days.
request_113,0,not_affordable,not_recommended,none,,none,"Do not proceed with the INR 36,500 request. Although INR 0 is available today, the full amount cannot be completed safely within 90 days."
request_114,65300,affordable_now,full_payment,2026-01-04:65300,2026-01-04,none,"Pay INR 65,300 today. This leaves at least INR 113,400 available over the next 90 days."
request_115,12867.33,affordable_later,wait,2024-11-15:80500,2024-11-15,none,"Pay INR 80,500 in full on 15 November 2024. Paying earlier would take the balance below the INR 38,800 minimum."
request_116,14021.25,not_affordable,not_recommended,none,,none,"Do not proceed with the INR 241,200 request. Although INR 14,021.25 is available today, the full amount cannot be completed safely within 90 days."
request_117,880,affordable_now,full_payment,2026-07-05:880,2026-07-05,none,"Pay EUR 880 today. This leaves at least EUR 1,000 available over the next 90 days."
request_118,628.1,affordable_with_plan,installments,2024-12-07:255.87|2025-01-07:255.87|2025-02-07:255.87,2025-02-20,reduce_to:event_10914:14|stop:event_10912,"Reduce the monthly shopping spend to EUR 14 and stop the streaming subscription, then Use 3 installments of EUR 255.87, starting 7 December 2024. This leaves at least EUR 600 available."
request_119,59477.36,affordable_with_plan,installments,2025-05-18:70546.67|2025-06-15:70546.67|2025-07-13:70546.67,2025-06-15,none,"Use 3 installments of INR 70,546.67, starting 18 May 2025. This leaves at least INR 151,200 available."
request_120,7714000,affordable_now,full_payment,2026-04-06:7714000,2026-04-06,none,"Pay IDR 7,714,000 today. This leaves at least IDR 20,050,300 available over the next 90 days."
request_121,633.6,affordable_now,full_payment,2024-03-03:633.6,2024-03-03,none,Pay USD 633.6 today. This leaves at least USD 800 available over the next 90 days.
request_122,20558000,affordable_with_plan,installments,2025-08-05:7126773.33|2025-09-02:7126773.33|2025-09-30:7126773.33,2025-08-05,none,"Use 3 installments of IDR 7,126,773.33, starting 5 August 2025. This leaves at least IDR 12,588,500 available."
request_123,4076000,affordable_now,full_payment,2026-01-07:4076000,2026-01-07,none,"Pay IDR 4,076,000 today. This leaves at least IDR 18,091,200 available over the next 90 days."
request_124,1144.21,affordable_with_plan,installments,2024-06-11:1076.12|2024-07-12:1076.12|2024-08-12:1076.12,2024-08-15,reduce_to:event_11478:38|reduce_to:event_11480:38|reduce_to:event_11473:38,"Reduce the bakery and snacks to EUR 38, reduce the family dinner to EUR 38, and reduce the lunch with colleagues to EUR 38, then Use 3 installments of EUR 1,076.12, starting 11 June 2024. This leaves at least EUR 1,600 available."
request_125,0,not_affordable,not_recommended,none,,none,"Do not proceed with the ZAR 6,468 request. Although ZAR 0 is available today, the full amount cannot be completed safely within 90 days."
request_126,159600,affordable_now,full_payment,2026-07-03:159600,2026-07-03,none,"Pay INR 159,600 today. This leaves at least INR 129,700 available over the next 90 days."
request_127,9224.23,affordable_later,wait,2024-10-15:23980,2024-10-15,none,"Pay ZAR 23,980 in full on 15 October 2024. Paying earlier would take the balance below the ZAR 41,000 minimum."
request_128,25168,affordable_now,full_payment,2025-02-07:25168,2025-02-07,none,"Pay ZAR 25,168 today. This leaves at least ZAR 42,600 available over the next 90 days."
request_129,145.74,not_affordable,not_recommended,none,,none,"Do not proceed with the USD 2,668.8 request. Although USD 145.74 is available today, the full amount cannot be completed safely within 90 days."
request_130,406.98,affordable_later,wait,2025-02-15:1978.8,2025-02-15,none,"Pay USD 1,978.8 in full on 15 February 2025. Paying earlier would take the balance below the USD 1,400 minimum."
request_131,1126.04,affordable_with_plan,installments,2025-05-06:643.14|2025-06-03:643.14|2025-07-01:643.14,2025-06-23,reduce_to:event_12065:21.2,"Reduce the clothing and household items to USD 21.2, then Use 3 installments of USD 643.14, starting 6 May 2025. This leaves at least USD 1,100 available."
request_132,334.1,affordable_later,wait,2026-01-15:379.86,2026-01-15,none,"Pay USD 379.86 in full on 15 January 2026. Paying earlier would take the balance below the USD 1,100 minimum."
request_133,0,not_affordable,not_recommended,none,,none,"Do not proceed with the IDR 15,770,000 request. Although IDR 0 is available today, the full amount cannot be completed safely within 90 days."
request_134,6113554.64,affordable_later,wait,2025-10-15:21831000,2025-10-15,none,"Pay IDR 21,831,000 in full on 15 October 2025. Paying earlier would take the balance below the IDR 15,902,500 minimum."
request_135,304.8,affordable_now,full_payment,2026-07-06:304.8,2026-07-06,none,Pay USD 304.8 today. This leaves at least USD 500 available over the next 90 days.
request_136,510.92,not_affordable,not_recommended,none,2024-06-15,none,"Do not make this payment by 14 June 2024. None of the available options keeps the USD 1,100 minimum protected."
request_137,25953.8,not_affordable,not_recommended,none,,none,"Do not proceed with the INR 80,100 request. Although INR 25,953.8 is available today, the full amount cannot be completed safely within 90 days."
request_138,705.38,affordable_with_plan,partial_payment,2026-04-07:705.38|2026-04-15:551.56,2026-04-15,none,"Pay EUR 705.38 today and the remaining EUR 551.56 on 15 April 2026. This completes the full request and keeps the EUR 2,300 minimum protected."
request_139,1272.49,not_affordable,not_recommended,none,2024-11-15,none,"Do not make this payment by 17 November 2024. None of the available options keeps the USD 1,500 minimum protected."
request_140,3050.46,not_affordable,not_recommended,none,,none,"Do not proceed with the ZAR 62,832 request. Although ZAR 3,050.46 is available today, the full amount cannot be completed safely within 90 days."
request_141,33280.25,not_affordable,not_recommended,none,,none,"Do not proceed with the INR 171,600 request. Although INR 33,280.25 is available today, the full amount cannot be completed safely within 90 days."
request_142,1263.6,affordable_now,full_payment,2024-12-05:1263.6,2024-12-05,none,"Pay USD 1,263.6 today. This leaves at least USD 1,700 available over the next 90 days."
request_143,3090.54,affordable_later,wait,2025-07-15:12584,2025-07-15,none,"Pay ZAR 12,584 in full on 15 July 2025. Paying earlier would take the balance below the ZAR 11,300 minimum."
request_144,233.34,affordable_now,full_payment,2026-07-04:233.34,2026-07-04,none,Pay USD 233.34 today. This leaves at least USD 600 available over the next 90 days.
request_145,21017.31,affordable_with_plan,installments,2024-03-20:75365.33|2024-04-20:75365.33|2024-05-21:75365.33,2024-05-20,none,"Use 3 installments of INR 75,365.33, starting 20 March 2024. This leaves at least INR 155,400 available."
request_146,25950.16,not_affordable,not_recommended,none,,none,"Do not proceed with the INR 449,400 request. Although INR 25,950.16 is available today, the full amount cannot be completed safely within 90 days."
request_147,338.58,affordable_with_plan,installments,2026-04-08:391.63|2026-05-08:391.63|2026-06-07:391.63,2026-06-15,reduce_to:event_13558:30|reduce_to:event_13522:29.2,"Reduce the family dinner to EUR 30 and reduce the clothing and household items to EUR 29.2, then Use 3 installments of EUR 391.63, starting 8 April 2026. This leaves at least EUR 900 available."
request_148,7594.42,affordable_with_plan,installments,2024-06-14:7710.56|2024-07-15:7710.56|2024-08-15:7710.56,2024-08-15,stop:event_13592,"Stop the food delivery membership, then Use 3 installments of ZAR 7,710.56, starting 14 June 2024. This leaves at least ZAR 20,000 available."
request_149,22587.39,affordable_with_plan,installments,2025-11-18:12706.03|2025-12-16:12706.03|2026-01-13:12706.03,2025-12-15,none,"Use 3 installments of ZAR 12,706.03, starting 18 November 2025. This leaves at least ZAR 42,100 available."
request_150,350.6,affordable_with_plan,installments,2026-01-06:171.98|2026-02-05:171.98|2026-03-07:171.98,2026-01-15,none,"Use 3 installments of EUR 171.98, starting 6 January 2026. This leaves at least EUR 700 available."
request_151,26816247.32,affordable_with_plan,full_payment,2024-09-03:26999000,2024-09-15,reduce_to:event_13918:633650,"Reduce the bakery and snacks to IDR 633,650, then pay IDR 26,999,000 today. This leaves at least IDR 31,633,600 available."
request_152,11684.26,affordable_with_plan,installments,2025-02-12:4812.43|2025-03-12:4812.43|2025-04-09:4812.43,2025-02-15,none,"Use 3 installments of ZAR 4,812.43, starting 12 February 2025. This leaves at least ZAR 11,900 available."
request_153,296.49,not_affordable,not_recommended,none,,none,"Do not proceed with the USD 2,830.8 request. Although USD 296.49 is available today, the full amount cannot be completed safely within 90 days."
request_154,1625.8,affordable_with_plan,installments,2024-12-04:563.61|2025-01-04:563.61|2025-02-04:563.61,2024-12-04,none,"Use 3 installments of EUR 563.61, starting 4 December 2024. This leaves at least EUR 1,300 available."
request_155,112500,affordable_now,full_payment,2025-05-06:112500,2025-05-06,none,"Pay INR 112,500 today. This leaves at least INR 56,300 available over the next 90 days."
request_156,6545.17,not_affordable,not_recommended,none,,none,"Do not proceed with the ZAR 43,076 request. Although ZAR 6,545.17 is available today, the full amount cannot be completed safely within 90 days."
request_157,4904860.48,affordable_later,wait,2024-05-15:23503000,2024-05-15,none,"Pay IDR 23,503,000 in full on 15 May 2024. Paying earlier would take the balance below the IDR 15,714,100 minimum."
request_158,242600,affordable_with_plan,installments,2025-08-07:84101.33|2025-09-04:84101.33|2025-10-02:84101.33,2025-08-07,none,"Use 3 installments of INR 84,101.33, starting 7 August 2025. This leaves at least INR 131,400 available."
request_159,3955.93,not_affordable,not_recommended,none,,none,"Do not proceed with the ZAR 13,398 request. Although ZAR 3,955.93 is available today, the full amount cannot be completed safely within 90 days."
request_160,400.41,affordable_with_plan,installments,2024-06-13:432.05|2024-07-14:432.05|2024-08-14:432.05,2024-07-15,reduce_to:event_14736:28.5,"Reduce the quick-service meal to EUR 28.5, then Use 3 installments of EUR 432.05, starting 13 June 2024. This leaves at least EUR 1,200 available."
request_161,8163902.66,affordable_later,wait,2026-01-15:21204000,2026-01-15,none,"Pay IDR 21,204,000 in full on 15 January 2026. Paying earlier would take the balance below the IDR 23,010,400 minimum."
request_162,4388137.84,not_affordable,not_recommended,none,,none,"Do not proceed with the IDR 83,923,000 request. Although IDR 4,388,137.84 is available today, the full amount cannot be completed safely within 90 days."
request_163,9286625.3,affordable_with_plan,installments,2024-09-10:6692053.33|2024-10-11:6692053.33|2024-11-11:6692053.33,2024-10-20,none,"Use 3 installments of IDR 6,692,053.33, starting 10 September 2024. This leaves at least IDR 26,728,700 available."
request_164,26869680.87,affordable_with_plan,installments,2025-02-11:9366240|2025-03-11:9366240|2025-04-08:9366240,2025-02-24,none,"Use 3 installments of IDR 9,366,240, starting 11 February 2025. This leaves at least IDR 29,550,500 available."
request_165,19185.82,not_affordable,not_recommended,none,,none,"Do not proceed with the INR 80,600 request. Although INR 19,185.82 is available today, the full amount cannot be completed safely within 90 days."
request_166,2907.6,affordable_with_plan,installments,2024-12-03:1007.97|2025-01-03:1007.97|2025-02-03:1007.97,2024-12-03,none,"Use 3 installments of USD 1,007.97, starting 3 December 2024. This leaves at least USD 1,700 available."
request_167,43802,affordable_now,full_payment,2025-05-05:43802,2025-05-05,none,"Pay ZAR 43,802 today. This leaves at least ZAR 31,200 available over the next 90 days."
request_168,38066.59,affordable_with_plan,partial_payment,2026-01-07:38066.59|2026-01-15:11313.41,2026-01-15,none,"Pay INR 38,066.59 today and the remaining INR 11,313.41 on 15 January 2026. This completes the full request and keeps the INR 114,400 minimum protected."
request_169,3613.81,not_affordable,not_recommended,none,,none,"Do not proceed with the ZAR 41,976 request. Although ZAR 3,613.81 is available today, the full amount cannot be completed safely within 90 days."
request_170,32294187.35,affordable_with_plan,installments,2025-08-06:12804480|2025-09-03:12804480|2025-10-01:12804480,2025-08-15,none,"Use 3 installments of IDR 12,804,480, starting 6 August 2025. This leaves at least IDR 24,715,800 available."
request_171,106.11,not_affordable,not_recommended,none,,none,"Do not proceed with the EUR 1,878.8 request. Although EUR 106.11 is available today, the full amount cannot be completed safely within 90 days."
request_172,9066,affordable_with_plan,partial_payment,2024-06-05:9066|2024-06-15:1134,2024-06-15,none,"Pay ZAR 9,066 today and the remaining ZAR 1,134 on 15 June 2024. This completes the full request and keeps the ZAR 27,200 minimum protected."
request_173,0,not_affordable,not_recommended,none,,none,"Do not proceed with the INR 113,000 request. Although INR 0 is available today, the full amount cannot be completed safely within 90 days."
request_174,1146.2,affordable_with_plan,installments,2026-04-04:397.35|2026-05-04:397.35|2026-06-03:397.35,2026-04-04,none,"Use 3 installments of EUR 397.35, starting 4 April 2026. This leaves at least EUR 700 available."
request_175,2346.3,affordable_now,full_payment,2024-09-06:2346.3,2024-09-06,none,"Pay EUR 2,346.3 today. This leaves at least EUR 1,700 available over the next 90 days."
request_176,0,not_affordable,not_recommended,none,,none,"Do not proceed with the EUR 1,239.7 request. Although EUR 0 is available today, the full amount cannot be completed safely within 90 days."
request_177,1017.6,affordable_now,full_payment,2026-01-05:1017.6,2026-01-05,none,"Pay USD 1,017.6 today. This leaves at least USD 1,300 available over the next 90 days."
request_178,2938.1,affordable_with_plan,installments,2024-12-07:1018.54|2025-01-07:1018.54|2025-02-07:1018.54,2024-12-07,none,"Use 3 installments of EUR 1,018.54, starting 7 December 2024. This leaves at least EUR 1,400 available."
request_179,9320736.11,affordable_later,wait,2025-07-15:41648000,2025-07-15,none,"Pay IDR 41,648,000 in full on 15 July 2025. Paying earlier would take the balance below the IDR 41,430,800 minimum."
request_180,66500,affordable_now,full_payment,2026-07-06:66500,2026-07-06,none,"Pay INR 66,500 today. This leaves at least INR 37,300 available over the next 90 days."
request_181,499.43,not_affordable,not_recommended,none,,none,"Do not proceed with the USD 5,059.2 request. Although USD 499.43 is available today, the full amount cannot be completed safely within 90 days."
request_182,65714,affordable_now,full_payment,2025-08-05:65714,2025-08-05,none,"Pay ZAR 65,714 today. This leaves at least ZAR 31,100 available over the next 90 days."
request_183,0,not_affordable,not_recommended,none,,none,"Do not proceed with the IDR 26,866,000 request. Although IDR 0 is available today, the full amount cannot be completed safely within 90 days."
request_184,0,not_affordable,not_recommended,none,,none,"Do not proceed with the INR 251,900 request. Although INR 0 is available today, the full amount cannot be completed safely within 90 days."
request_185,405.21,affordable_later,wait,2026-01-15:1257.3,2026-01-15,none,"Pay EUR 1,257.3 in full on 15 January 2026. Paying earlier would take the balance below the EUR 1,300 minimum."
request_186,7356.72,affordable_later,wait,2026-02-15:26554,2026-02-15,none,"Pay ZAR 26,554 in full on 15 February 2026. Paying earlier would take the balance below the ZAR 22,000 minimum."
request_187,37094.85,affordable_later,wait,2024-11-15:187500,2024-11-15,none,"Pay INR 187,500 in full on 15 November 2024. Paying earlier would take the balance below the INR 128,300 minimum."
request_188,159.82,not_affordable,not_recommended,none,,none,"Do not proceed with the EUR 2,464 request. Although EUR 159.82 is available today, the full amount cannot be completed safely within 90 days."
request_189,488.4,affordable_now,full_payment,2026-07-04:488.4,2026-07-04,none,Pay EUR 488.4 today. This leaves at least EUR 400 available over the next 90 days.
request_190,572,affordable_later,wait,2025-02-15:2557.5,2025-02-15,none,"Pay EUR 2,557.5 in full on 15 February 2025. Paying earlier would take the balance below the EUR 1,600 minimum."
request_191,664.4,affordable_now,full_payment,2025-05-03:664.4,2025-05-03,none,Pay EUR 664.4 today. This leaves at least EUR 500 available over the next 90 days.
request_192,0,not_affordable,not_recommended,none,,none,"Do not proceed with the USD 2,046 request. Although USD 0 is available today, the full amount cannot be completed safely within 90 days."
request_193,78.31,affordable_with_plan,installments,2024-03-21:420.23|2024-04-21:420.23|2024-05-22:420.23,2024-05-15,none,"Use 3 installments of EUR 420.23, starting 21 March 2024. This leaves at least EUR 1,000 available."
request_194,31381.67,affordable_later,wait,2025-10-23:132800,2025-10-23,none,"Pay INR 132,800 in full on 23 October 2025. Paying earlier would take the balance below the INR 113,600 minimum."
request_195,1105.59,affordable_with_plan,installments,2026-01-09:405.74|2026-02-08:405.74|2026-03-10:405.74,2026-01-15,none,"Use 3 installments of EUR 405.74, starting 9 January 2026. This leaves at least EUR 700 available."
request_196,762.3,affordable_now,full_payment,2024-06-03:762.3,2024-06-03,none,Pay EUR 762.3 today. This leaves at least EUR 500 available over the next 90 days.
request_197,50939000,affordable_with_plan,installments,2025-11-19:17658853.33|2025-12-17:17658853.33|2026-01-14:17658853.33,2025-11-05,none,"Use 3 installments of IDR 17,658,853.33, starting 19 November 2025. This leaves at least IDR 26,245,900 available."
request_198,185800,affordable_now,full_payment,2026-07-07:185800,2026-07-07,none,"Pay INR 185,800 today. This leaves at least INR 124,300 available over the next 90 days."
request_199,23674000,affordable_with_plan,installments,2024-09-07:8206986.67|2024-10-08:8206986.67|2024-11-08:8206986.67,2024-09-04,none,"Use 3 installments of IDR 8,206,986.67, starting 7 September 2024. This leaves at least IDR 25,359,500 available."
request_200,21717000,affordable_now,full_payment,2025-02-06:21717000,2025-02-06,none,"Pay IDR 21,717,000 today. This leaves at least IDR 20,114,600 available over the next 90 days."
request_201,23997000,affordable_now,full_payment,2026-04-03:23997000,2026-04-03,none,"Pay IDR 23,997,000 today. This leaves at least IDR 17,304,500 available over the next 90 days."
request_202,123900,affordable_now,full_payment,2024-12-05:123900,2024-12-05,none,"Pay INR 123,900 today. This leaves at least INR 147,800 available over the next 90 days."
request_203,1442.1,affordable_with_plan,installments,2025-05-10:499.93|2025-06-07:499.93|2025-07-05:499.93,2025-05-07,none,"Use 3 installments of EUR 499.93, starting 10 May 2025. This leaves at least EUR 1,400 available."
request_204,588.74,affordable_now,full_payment,2026-01-04:588.74,2026-01-04,none,"Pay EUR 588.74 today. This leaves at least EUR 1,300 available over the next 90 days."
request_205,10621000,affordable_now,full_payment,2024-03-06:10621000,2024-03-06,none,"Pay IDR 10,621,000 today. This leaves at least IDR 13,994,300 available over the next 90 days."
request_206,1404.7,affordable_with_plan,installments,2025-08-03:486.96|2025-08-31:486.96|2025-09-28:486.96,2025-08-03,none,"Use 3 installments of EUR 486.96, starting 3 August 2025. This leaves at least EUR 900 available."
request_207,6737.41,affordable_later,wait,2026-07-15:11830,2026-07-15,none,"Pay ZAR 11,830 in full on 15 July 2026. Paying earlier would take the balance below the ZAR 13,600 minimum."
request_208,4042575.9,affordable_later,wait,2024-06-15:4413000,2024-06-15,none,"Pay IDR 4,413,000 in full on 15 June 2024. Paying earlier would take the balance below the IDR 10,470,700 minimum."
request_209,1464.17,not_affordable,not_recommended,none,,none,"Do not proceed with the ZAR 56,914 request. Although ZAR 1,464.17 is available today, the full amount cannot be completed safely within 90 days."
request_210,680.86,affordable_with_plan,partial_payment,2026-04-06:680.86|2026-04-15:679.16,2026-04-15,none,"Pay USD 680.86 today and the remaining USD 679.16 on 15 April 2026. This completes the full request and keeps the USD 2,000 minimum protected."
request_211,251.34,affordable_later,wait,2024-11-15:1788.6,2024-11-15,none,"Pay EUR 1,788.6 in full on 15 November 2024. Paying earlier would take the balance below the EUR 1,500 minimum."
request_212,3596908.67,not_affordable,not_recommended,none,,none,"Do not proceed with the IDR 71,934,000 request. Although IDR 3,596,908.67 is available today, the full amount cannot be completed safely within 90 days."
request_213,3362.4,affordable_with_plan,installments,2026-01-21:1165.63|2026-02-20:1165.63|2026-03-22:1165.63,2026-01-07,none,"Use 3 installments of USD 1,165.63, starting 21 January 2026. This leaves at least USD 2,100 available."
request_214,0,not_affordable,not_recommended,none,,none,"Do not proceed with the INR 69,750 request. Although INR 0 is available today, the full amount cannot be completed safely within 90 days."
request_215,29986,affordable_with_plan,installments,2025-05-09:10395.15|2025-06-06:10395.15|2025-07-04:10395.15,2025-05-06,none,"Use 3 installments of ZAR 10,395.15, starting 9 May 2025. This leaves at least ZAR 15,700 available."
request_216,699.29,affordable_later,wait,2026-08-15:3332.4,2026-08-15,none,"Pay USD 3,332.4 in full on 15 August 2026. Paying earlier would take the balance below the USD 1,800 minimum."
request_217,19977.85,affordable_with_plan,installments,2024-03-19:12889.07|2024-04-19:12889.07|2024-05-20:12889.07,2024-05-15,none,"Use 3 installments of ZAR 12,889.07, starting 19 March 2024. This leaves at least ZAR 26,800 available."
request_218,27297450.66,affordable_with_plan,installments,2025-08-07:21195893.33|2025-09-04:21195893.33|2025-10-02:21195893.33,2025-09-15,none,"Use 3 installments of IDR 21,195,893.33, starting 7 August 2025. This leaves at least IDR 34,477,200 available."
request_219,771.04,affordable_with_plan,installments,2026-04-07:580.01|2026-05-07:580.01|2026-06-06:580.01,2026-05-15,none,"Use 3 installments of EUR 580.01, starting 7 April 2026. This leaves at least EUR 1,100 available."
request_220,101.67,not_affordable,not_recommended,none,,none,"Do not proceed with the EUR 3,118.5 request. Although EUR 101.67 is available today, the full amount cannot be completed safely within 90 days."
request_221,109800,affordable_now,full_payment,2025-11-03:109800,2025-11-03,none,"Pay INR 109,800 today. This leaves at least INR 81,500 available over the next 90 days."
request_222,34078,affordable_now,full_payment,2026-01-05:34078,2026-01-05,none,"Pay ZAR 34,078 today. This leaves at least ZAR 27,300 available over the next 90 days."
request_223,898.7,affordable_now,full_payment,2024-09-07:898.7,2024-09-07,none,Pay EUR 898.7 today. This leaves at least EUR 800 available over the next 90 days.
request_224,10327000,affordable_with_plan,installments,2025-02-04:5370040|2025-03-04:5370040,2025-02-04,none,"Use 2 installments of IDR 5,370,040, starting 4 February 2025. This leaves at least IDR 22,187,600 available."
request_225,11247796.08,affordable_with_plan,installments,2026-07-20:7647120|2026-08-19:7647120|2026-09-18:7647120,2026-09-15,none,"Use 3 installments of IDR 7,647,120, starting 20 July 2026. This leaves at least IDR 17,670,700 available."
request_226,157000,affordable_now,full_payment,2024-12-03:157000,2024-12-03,none,"Pay INR 157,000 today. This leaves at least INR 209,400 available over the next 90 days."
request_227,5000.88,not_affordable,not_recommended,none,,none,"Do not proceed with the INR 259,700 request. Although INR 5,000.88 is available today, the full amount cannot be completed safely within 90 days."
request_228,3207529.83,not_affordable,not_recommended,none,,none,"Do not proceed with the IDR 63,327,000 request. Although IDR 3,207,529.83 is available today, the full amount cannot be completed safely within 90 days."
request_229,459.99,affordable_with_plan,installments,2024-03-18:529.29|2024-04-18:529.29|2024-05-19:529.29,2024-05-15,stop:event_21032,"Stop the food delivery membership, then Use 3 installments of EUR 529.29, starting 18 March 2024. This leaves at least EUR 1,000 available."
request_230,3537.6,affordable_now,full_payment,2025-08-06:3537.6,2025-08-06,none,"Pay EUR 3,537.6 today. This leaves at least EUR 2,000 available over the next 90 days."
request_231,35706,affordable_with_plan,installments,2026-01-06:12378.08|2026-02-05:12378.08|2026-03-07:12378.08,2026-01-03,none,"Use 3 installments of ZAR 12,378.08, starting 6 January 2026. This leaves at least ZAR 24,300 available."
request_232,771.88,affordable_later,wait,2024-08-15:1970.1,2024-08-15,none,"Pay EUR 1,970.1 in full on 15 August 2024. Paying earlier would take the balance below the EUR 2,400 minimum."
request_233,4510514.2,affordable_with_plan,partial_payment,2025-11-07:4510514.2|2025-11-15:1730485.8,2025-11-15,none,"Pay IDR 4,510,514.2 today and the remaining IDR 1,730,485.8 on 15 November 2025. This completes the full request and keeps the IDR 10,365,700 minimum protected."
request_234,273.01,affordable_later,wait,2026-08-15:1213.3,2026-08-15,none,"Pay EUR 1,213.3 in full on 15 August 2026. Paying earlier would take the balance below the EUR 700 minimum."
request_235,967.2,affordable_now,full_payment,2024-09-06:967.2,2024-09-06,none,Pay USD 967.2 today. This leaves at least USD 700 available over the next 90 days.
request_236,4426009.87,not_affordable,not_recommended,none,,none,"Do not proceed with the IDR 52,383,000 request. Although IDR 4,426,009.87 is available today, the full amount cannot be completed safely within 90 days."
request_237,23826000,affordable_now,full_payment,2026-04-05:23826000,2026-04-05,none,"Pay IDR 23,826,000 today. This leaves at least IDR 22,431,500 available over the next 90 days."
request_238,663.6,affordable_with_plan,installments,2024-12-07:230.05|2025-01-07:230.05|2025-02-07:230.05,2024-12-07,none,"Use 3 installments of USD 230.05, starting 7 December 2024. This leaves at least USD 700 available."
request_239,642,affordable_now,full_payment,2025-05-04:642,2025-05-04,none,Pay USD 642 today. This leaves at least USD 600 available over the next 90 days.
request_240,16845,not_affordable,not_recommended,none,,none,"Do not proceed with the INR 101,200 request. Although INR 16,845 is available today, the full amount cannot be completed safely within 90 days."
request_241,21052000,affordable_with_plan,installments,2024-03-17:7298026.67|2024-04-17:7298026.67|2024-05-18:7298026.67,2024-03-03,none,"Use 3 installments of IDR 7,298,026.67, starting 17 March 2024. This leaves at least IDR 19,252,000 available."
request_242,90.05,not_affordable,not_recommended,none,,none,"Do not proceed with the EUR 1,966.8 request. Although EUR 90.05 is available today, the full amount cannot be completed safely within 90 days."
request_243,17468,affordable_now,full_payment,2026-07-07:17468,2026-07-07,none,"Pay ZAR 17,468 today. This leaves at least ZAR 19,900 available over the next 90 days."
request_244,49918,affordable_now,full_payment,2024-06-04:49918,2024-06-04,none,"Pay ZAR 49,918 today. This leaves at least ZAR 45,900 available over the next 90 days."
request_245,0,not_affordable,not_recommended,none,,none,"Do not proceed with the INR 128,500 request. Although INR 0 is available today, the full amount cannot be completed safely within 90 days."
request_246,64086,affordable_with_plan,installments,2026-04-03:22216.48|2026-05-03:22216.48|2026-06-02:22216.48,2026-04-03,none,"Use 3 installments of ZAR 22,216.48, starting 3 April 2026. This leaves at least ZAR 39,300 available."
request_247,1059.3,affordable_now,full_payment,2024-09-05:1059.3,2024-09-05,none,"Pay EUR 1,059.3 today. This leaves at least EUR 1,300 available over the next 90 days."
request_248,887.43,affordable_with_plan,partial_payment,2025-02-07:887.43|2025-04-24:1078.17,2025-04-24,none,"Pay USD 887.43 today and the remaining USD 1,078.17 on 24 April 2025. This completes the full request and keeps the USD 1,300 minimum protected."
request_249,202.09,affordable_later,wait,2026-02-15:643.2,2026-02-15,none,Pay USD 643.2 in full on 15 February 2026. Paying earlier would take the balance below the USD 600 minimum.
request_250,13110.87,not_affordable,not_recommended,none,,none,"Do not proceed with the ZAR 124,278 request. Although ZAR 13,110.87 is available today, the full amount cannot be completed safely within 90 days."
request_251,758.66,not_affordable,not_recommended,none,,none,"Do not proceed with the EUR 1,513.6 request. Although EUR 758.66 is available today, the full amount cannot be completed safely within 90 days."
request_252,5655701.89,affordable_later,wait,2026-08-15:28082000,2026-08-15,none,"Pay IDR 28,082,000 in full on 15 August 2026. Paying earlier would take the balance below the IDR 15,152,200 minimum."
request_253,1513.43,affordable_with_plan,installments,2024-03-21:984.6|2024-04-21:984.6|2024-05-22:984.6,2024-05-15,none,"Use 3 installments of EUR 984.6, starting 21 March 2024. This leaves at least EUR 2,300 available."
request_254,660.66,affordable_later,wait,2025-10-15:3535.2,2025-10-15,none,"Pay USD 3,535.2 in full on 15 October 2025. Paying earlier would take the balance below the USD 2,500 minimum."
request_255,3345000,affordable_now,full_payment,2026-04-06:3345000,2026-04-06,none,"Pay IDR 3,345,000 today. This leaves at least IDR 9,813,900 available over the next 90 days."
request_256,158120.51,affordable_with_plan,installments,2024-06-10:75816|2024-07-11:75816|2024-08-11:75816,2024-06-15,none,"Use 3 installments of INR 75,816, starting 10 June 2024. This leaves at least INR 168,600 available."
request_257,618.29,affordable_later,wait,2025-11-15:1352.4,2025-11-15,none,"Pay USD 1,352.4 in full on 15 November 2025. Paying earlier would take the balance below the USD 1,600 minimum."
request_258,1113.6,affordable_now,full_payment,2026-01-07:1113.6,2026-01-07,none,"Pay USD 1,113.6 today. This leaves at least USD 500 available over the next 90 days."
request_259,155.86,affordable_later,wait,2024-11-15:935,2024-11-15,none,Pay EUR 935 in full on 15 November 2024. Paying earlier would take the balance below the EUR 600 minimum.
request_260,0,not_affordable,not_recommended,none,,none,"Do not proceed with the IDR 52,079,000 request. Although IDR 0 is available today, the full amount cannot be completed safely within 90 days."
request_261,1830.4,affordable_now,full_payment,2026-07-03:1830.4,2026-07-03,none,"Pay EUR 1,830.4 today. This leaves at least EUR 1,500 available over the next 90 days."
request_262,9236000,affordable_now,full_payment,2024-12-05:9236000,2024-12-05,none,"Pay IDR 9,236,000 today. This leaves at least IDR 31,018,500 available over the next 90 days."
request_263,0,not_affordable,not_recommended,none,,none,"Do not proceed with the ZAR 51,546 request. Although ZAR 0 is available today, the full amount cannot be completed safely within 90 days."
request_264,22053.1,affordable_later,wait,2026-06-15:111300,2026-06-15,none,"Pay INR 111,300 in full on 15 June 2026. Paying earlier would take the balance below the INR 59,500 minimum."
request_265,0,not_affordable,not_recommended,none,,none,"Do not proceed with the INR 45,970 request. Although INR 0 is available today, the full amount cannot be completed safely within 90 days."
request_266,797.6,affordable_with_plan,installments,2025-08-03:324.13|2025-08-31:324.13|2025-09-28:324.13,2025-09-15,none,"Use 3 installments of EUR 324.13, starting 3 August 2025. This leaves at least EUR 900 available."
request_267,1781.25,affordable_with_plan,installments,2026-01-08:667.33|2026-02-07:667.33|2026-03-09:667.33,2026-01-15,none,"Use 3 installments of EUR 667.33, starting 8 January 2026. This leaves at least EUR 1,500 available."
request_268,878.52,affordable_with_plan,installments,2024-06-14:841.22|2024-07-15:841.22|2024-08-15:841.22,2024-08-15,none,"Use 3 installments of EUR 841.22, starting 14 June 2024. This leaves at least EUR 1,400 available."
request_269,11324.08,affordable_later,wait,2025-11-15:15490,2025-11-15,none,"Pay ZAR 15,490 in full on 15 November 2025. Paying earlier would take the balance below the ZAR 23,100 minimum."
request_270,224.93,not_affordable,not_recommended,none,,none,"Do not proceed with the USD 3,028.8 request. Although USD 224.93 is available today, the full amount cannot be completed safely within 90 days."
request_271,5796.14,not_affordable,not_recommended,none,2024-11-20,none,"Do not make this payment by 15 November 2024. None of the available options keeps the INR 58,200 minimum protected."
request_272,6048515.78,affordable_with_plan,installments,2025-02-12:4709466.67|2025-03-12:4709466.67|2025-04-09:4709466.67,2025-02-15,none,"Use 3 installments of IDR 4,709,466.67, starting 12 February 2025. This leaves at least IDR 7,508,600 available."
request_273,9175835.51,affordable_with_plan,partial_payment,2026-04-07:9175835.51|2026-04-15:6685164.49,2026-04-15,none,"Pay IDR 9,175,835.51 today and the remaining IDR 6,685,164.49 on 15 April 2026. This completes the full request and keeps the IDR 18,774,600 minimum protected."
request_274,2362.62,affordable_with_plan,installments,2024-12-04:940.75|2025-01-04:940.75|2025-02-04:940.75,2024-12-15,none,"Use 3 installments of EUR 940.75, starting 4 December 2024. This leaves at least EUR 1,800 available."
request_275,15884000,affordable_now,full_payment,2025-05-06:15884000,2025-05-06,none,"Pay IDR 15,884,000 today. This leaves at least IDR 12,760,100 available over the next 90 days."
